Afghanistan,Albania,Algeria,Andorra,Angola,Antigua and Barbuda,Argentina,Armenia,Australia,Austria,Azerbaijan,Bahamas,Bahrain,Bangladesh,Barbados,Belarus,Belgium,Belize,Benin,Bhutan,Bolivia (Plurinational State of),Bosnia and Herzegovina,Botswana,Brazil,Brunei Darussalam,Bulgaria,Burkina Faso,Burundi,Cabo Verde,Cambodia,Cameroon,Canada,Central African Republic,Chad,Chile,China,Colombia,Comoros,Congo,Cook Islands,Costa Rica,Croatia,Cuba,Cyprus,Czechia,Côte d’Ivoire,Democratic People's Republic of Korea,Democratic Republic of the Congo,Denmark,Djibouti,Dominica,Dominican Republic,Ecuador,Egypt,El Salvador,Equatorial Guinea,Eritrea,Estonia,Eswatini,Ethiopia,Fiji,Finland,France,Gabon,Gambia,Georgia,Germany,Ghana,Greece,Grenada,Guatemala,Guinea,Guinea-Bissau,Guyana,Haiti,Honduras,Hungary,Iceland,India,Indonesia,Iran (Islamic Republic of),Iraq,Ireland,Israel,Italy,Jamaica,Japan,Jordan,Kazakhstan,Kenya,Kiribati,Kuwait,Kyrgyzstan,Lao People's Democratic Republic,Latvia,Lebanon,Lesotho,Liberia,Libya,Lithuania,Luxembourg,Madagascar,Malawi,Malaysia,Maldives,Mali,Malta,Mauritania,Mauritius,Mexico,Micronesia (Federated States of),Mongolia,Montenegro,Morocco,Mozambique,Myanmar,Namibia,Nauru,Nepal,Netherlands,New Zealand,Nicaragua,Niger,Nigeria,Niue,Norway,Oman,Pakistan,Panama,Papua New Guinea,Paraguay,Peru,Philippines,Poland,Portugal,Qatar,Republic of Korea,Republic of Moldova,Romania,Russian Federation,Rwanda,Saint Kitts and Nevis,Saint Lucia,Saint Vincent and the Grenadines,Samoa,Sao Tome and Principe,Saudi Arabia,Senegal,Serbia,Seychelles,Sierra Leone,Singapore,Slovakia,Slovenia,Solomon Islands,Somalia,South Africa,Spain,Sri Lanka,Sudan,Suriname,Sweden,Switzerland,Syrian Arab Republic,Tajikistan,Thailand,The former Yugoslav Republic of Macedonia,Timor-Leste,Togo,Tonga,Trinidad and Tobago,Tunisia,Turkmenistan,Tuvalu,Türkiye,Uganda,Ukraine,United Arab Emirates,United Kingdom of Great Britain and Northern Ireland,United Republic of Tanzania,United States of America,Uruguay,Uzbekistan,Vanuatu,Venezuela (Bolivarian Republic of),Viet Nam,Yemen,Zambia,Zimbabwe,Year
,,,,,,,,,8.91,,,,,,,,,,,,,,,,,,,,,,,,,,,,,,,,,,,,,,,,,,,,,,,,,,,,,,,,,,,,,,,,,,,,,,,,,,,,,,,,,,,,,,,,,,,,,,,,,,,,,,,,,,,,,,,,,,,,,,,,,,,,,,,,,,,,,,,,,,,,,,,,,,,,,,,,,,,,,,,,,,,,,,,,,,,7.83,,,,,,,,,1960
,,2.57,,5.37,,16.39,,9.16,9.31,,11.82,,,,,,5.04,0.9,0.42,1.39,,5.9,,0.48,,2.66,7.43,1.67,,6.0,7.39,2.23,0.28,,0.49,4.45,0.12,4.41,,3.16,,2.44,5.15,9.0,2.8,2.77,2.21,6.54,3.98,,1.18,1.25,0.57,1.51,,0.86,,7.03,0.86,1.24,2.91,26.04,5.52,3.18,,11.03,1.46,,,2.36,0.24,2.13,3.24,7.62,1.29,9.02,3.04,0.71,0.03,0.14,0.52,,4.39,19.24,2.02,4.03,0.14,,3.36,0.38,0.02,,3.03,,4.03,2.16,1.61,0.74,,18.54,3.16,0.05,0.59,,0.68,1.99,0.11,2.53,2.81,,1.28,,1.91,1.89,0.25,0.19,,,3.97,8.7,4.12,0.13,4.29,,3.74,,0.01,3.42,0.29,3.65,6.95,0.7,6.27,15.02,,5.99,,5.7,,5.68,3.38,7.97,,0.61,6.31,,1.22,,1.13,5.61,2.19,9.28,,0.37,0.06,7.41,,0.34,1.29,6.14,6.04,,0.14,,0.26,,0.18,4.62,,2.83,1.7,,,0.75,9.8,,,7.14,5.68,7.8,9.06,,4.02,4.93,0.67,0.7,8.46,4.24,1961
,1.17,1.77,,4.49,3.22,16.74,,9.29,9.7,,10.43,,,,,,5.93,0.91,0.45,1.4,,5.63,,0.63,,2.74,7.44,1.72,,6.22,7.56,2.71,0.35,,0.6,4.45,0.13,3.53,,2.89,,1.88,4.44,9.12,2.38,2.89,2.08,6.56,4.37,,2.07,1.28,0.57,1.52,,0.83,,6.32,0.86,1.1,3.02,24.6,6.02,3.08,,12.05,1.47,,,2.24,0.22,2.32,3.12,7.58,1.32,9.26,3.41,0.71,0.03,0.14,0.48,,4.8,19.44,2.39,4.02,0.14,,3.4,0.39,0.02,,2.82,,3.52,2.13,1.86,0.89,,18.33,3.12,1.6,0.52,,0.63,1.51,0.12,2.62,2.77,,1.37,,1.58,1.68,0.34,0.12,,,4.29,8.89,4.18,0.15,4.4,,3.64,,0.01,3.84,0.3,4.0,6.76,0.89,6.06,15.17,,7.04,,6.92,,7.79,3.51,8.55,,0.34,6.48,,1.07,,1.19,5.61,1.97,9.44,,0.38,0.05,8.13,14.64,0.34,1.68,6.18,6.1,,0.15,,0.46,,0.15,4.58,,3.46,1.9,,,0.81,9.74,,,7.09,5.39,7.99,7.68,,4.67,4.92,0.71,0.69,8.32,5.05,1962
,0.91,1.12,,4.7,3.58,17.6,,9.74,9.8,,12.56,,,,,9.88,5.67,0.91,0.51,2.17,,6.09,1.88,1.01,7.25,3.12,7.71,1.66,,6.03,7.87,2.68,0.31,11.14,0.62,4.66,0.21,2.94,,3.76,,2.11,5.14,9.06,2.8,2.96,2.09,6.65,4.09,,2.28,1.26,0.54,1.5,,0.81,,5.27,0.85,1.21,3.07,24.63,5.31,3.04,,12.85,1.48,9.67,,2.28,0.19,2.81,2.72,7.61,1.29,9.14,3.55,0.6,0.03,0.14,0.45,7.39,4.12,18.18,2.14,4.11,0.15,,3.42,0.48,0.02,,2.9,,3.34,2.12,1.63,0.78,,18.74,3.37,1.72,0.49,,0.65,1.71,0.1,2.75,2.6,,1.65,,1.08,1.49,0.23,0.11,,,4.63,9.62,4.06,0.17,4.37,,3.74,,0.01,3.16,0.37,3.4,5.59,1.32,6.22,18.49,,5.94,,7.01,6.19,5.48,3.76,8.39,,0.36,8.61,,1.22,,1.31,5.57,2.21,9.35,,0.45,0.03,5.35,13.56,0.34,1.47,6.2,6.03,,0.15,,0.82,,0.3,4.13,,3.86,1.06,,,0.31,10.08,,,7.18,5.5,8.14,7.19,,4.83,4.93,0.73,0.67,8.18,4.63,1963
,1.04,0.91,,4.92,3.64,17.76,,10.05,10.7,,13.41,,,,,10.48,5.37,0.85,0.5,2.66,,5.83,2.01,1.32,6.52,2.82,8.19,1.78,,6.34,6.49,2.74,0.43,11.6,0.64,4.53,0.14,3.08,,3.74,,2.42,5.22,9.36,3.19,2.97,2.19,7.23,4.01,,2.23,1.42,0.54,1.59,,0.79,,4.8,0.84,1.56,3.1,23.96,6.77,2.91,,13.71,1.53,9.82,,2.28,0.18,3.01,2.77,6.32,1.46,10.21,3.64,0.67,0.03,0.14,0.43,7.67,5.05,17.75,2.39,4.16,0.13,,3.45,0.57,0.02,,2.99,,3.88,2.31,1.71,0.8,,18.84,3.06,1.89,0.47,,0.56,2.07,0.06,2.46,2.93,,1.59,,0.94,1.71,0.3,0.17,,,4.97,9.84,4.17,0.14,4.4,,3.7,,0.02,3.32,0.5,3.35,5.97,1.48,6.16,19.37,,5.21,,7.03,6.39,6.01,4.15,9.26,,0.48,7.14,,0.97,,1.81,5.58,1.87,10.21,,0.42,0.05,5.87,13.88,0.34,1.54,5.98,6.36,,0.15,,0.93,,0.17,5.92,,3.57,1.41,,,0.33,10.04,,,7.53,4.3,8.44,6.88,,3.64,5.38,0.76,0.65,8.12,4.56,1964
,1.04,0.93,,5.31,3.5,17.77,,9.94,11.6,,15.52,,,,,10.76,5.68,0.91,0.51,2.22,,6.16,1.87,1.31,7.25,2.78,8.17,1.89,,6.38,6.49,2.28,0.4,9.69,0.66,4.25,0.14,2.6,,4.05,,2.24,5.5,10.18,2.96,2.83,2.46,7.0,3.69,,1.87,1.44,0.53,1.72,,0.77,,5.0,0.89,1.67,3.28,23.37,6.17,2.81,,14.0,1.39,9.99,,2.26,0.17,3.07,3.06,6.52,1.66,9.53,3.79,0.6,0.03,0.17,0.42,7.7,4.86,18.42,2.07,3.87,0.14,,3.25,0.55,0.06,,3.3,,3.52,2.19,1.53,0.67,,18.69,2.38,1.96,0.52,,0.48,2.18,0.07,2.33,3.12,,1.83,,0.92,1.73,0.4,0.17,,,5.74,10.08,3.98,0.12,4.34,,3.84,,0.02,3.67,0.52,3.9,6.8,1.65,6.29,19.53,,6.03,,7.18,6.71,6.36,4.02,9.05,,0.8,7.84,,0.78,,1.82,5.55,2.14,11.03,,0.42,0.06,6.37,14.59,0.3,1.22,5.87,6.56,,0.14,,1.21,,0.23,5.41,,4.98,1.76,,,0.35,8.15,,,7.4,4.46,8.59,7.31,,4.23,5.76,0.81,0.62,8.46,4.87,1965
,1.03,0.85,,5.76,4.89,16.59,,10.2,12.4,,17.72,,,,,10.3,4.68,1.07,0.49,2.23,,6.59,1.75,1.31,7.31,2.9,8.2,1.91,,6.67,6.76,2.69,0.39,11.34,0.8,3.96,0.24,2.54,,4.56,,2.19,4.83,10.49,2.89,2.65,2.41,7.67,3.96,,2.01,1.52,0.51,1.52,,0.75,,5.49,0.88,1.42,3.46,23.32,6.13,2.58,,13.59,1.66,10.1,,2.2,0.16,3.49,2.9,6.27,1.72,9.58,4.2,0.67,0.03,0.18,0.43,7.87,4.38,18.73,2.35,4.07,0.18,,3.92,0.67,0.09,,3.54,,2.88,2.19,1.89,0.86,,18.46,2.13,2.07,0.5,,0.51,2.85,0.04,1.99,3.14,,1.85,,0.78,1.97,0.34,0.18,,,5.24,10.42,4.08,0.09,4.22,,3.96,,0.02,3.75,0.56,4.03,7.06,1.76,6.57,16.9,,7.63,,7.27,6.95,6.23,4.09,8.16,,0.73,7.71,,0.67,,2.05,5.57,2.11,11.18,,0.43,0.05,6.59,16.03,0.21,1.19,5.61,6.75,14.22,0.13,,1.62,,0.31,6.12,,3.8,2.12,,,0.35,8.53,,,7.56,4.95,8.78,6.86,,4.17,5.96,0.8,0.6,8.86,6.05,1966
,1.17,0.88,,5.25,4.84,16.97,,10.72,13.1,,14.67,,,,,10.73,4.45,0.71,0.52,2.4,,6.44,2.62,1.28,7.84,3.17,8.14,1.78,,6.22,6.97,2.85,0.44,11.4,0.7,3.51,0.19,2.85,,3.38,,2.36,5.18,10.64,2.55,2.46,2.38,7.89,3.49,,1.82,1.45,0.47,1.53,,0.74,,6.26,0.84,1.26,3.63,23.05,6.85,2.37,,13.51,1.44,10.09,,1.97,0.15,3.2,3.43,5.5,1.66,10.42,4.42,0.69,0.03,0.19,0.39,8.02,4.48,19.01,3.05,4.35,0.16,,3.98,0.77,0.09,,4.0,,3.05,1.94,1.91,0.88,,18.28,1.95,2.17,0.49,,0.56,2.81,0.04,2.23,3.47,,1.86,,0.96,1.9,0.34,0.19,,,5.98,10.54,4.15,0.14,4.24,,4.15,,0.01,3.89,0.66,4.07,5.93,2.12,6.94,17.03,,8.89,,7.12,7.45,7.51,4.32,7.68,,0.88,7.77,,0.67,,2.41,5.63,2.25,10.81,,0.43,0.03,6.73,14.54,0.22,1.3,5.68,6.96,14.19,0.12,,1.65,,0.44,6.82,,2.96,2.11,,,0.33,9.58,,,7.68,4.04,8.97,5.79,,5.11,5.96,0.86,0.56,9.08,5.49,1967
,1.44,1.32,,5.39,4.75,17.65,,11.03,13.2,,15.14,,,,,11.15,4.63,0.82,0.55,2.64,,6.11,2.65,1.3,9.01,3.32,8.13,2.24,,5.96,7.21,2.81,0.44,11.6,0.75,3.52,0.21,2.88,,3.48,,1.88,4.75,10.61,2.87,2.39,2.25,8.06,3.97,,1.89,1.59,0.43,1.56,,0.72,,6.75,0.81,1.61,3.93,22.48,5.73,2.49,,14.04,1.27,10.15,,1.9,0.15,3.38,2.8,5.75,1.81,10.64,3.87,0.81,0.03,0.33,0.43,8.77,4.51,19.71,2.98,4.34,0.22,,3.81,0.87,0.09,,3.96,,2.71,1.9,2.01,0.96,,18.26,2.04,2.33,0.46,,0.62,2.55,0.05,1.83,3.41,,1.87,,0.96,1.87,0.3,0.19,,,6.22,10.39,4.23,0.12,4.25,,4.39,,0.01,3.89,0.7,3.62,6.46,2.42,7.41,18.32,,8.44,,7.66,7.83,7.54,3.76,8.28,,0.53,9.42,,0.6,,2.38,5.65,2.41,11.16,,0.44,0.05,6.91,14.91,0.26,1.55,5.79,7.22,14.23,0.59,,1.7,,0.43,5.85,,2.83,1.06,,,0.35,9.95,,,7.91,4.23,9.27,6.22,,4.74,6.09,0.82,0.53,8.54,6.04,1968
,1.73,1.87,,5.51,5.05,17.84,,11.49,13.0,,16.01,,,,,11.46,4.93,0.8,0.53,2.65,,6.35,2.68,1.45,8.71,3.0,7.94,2.16,,6.66,7.16,2.7,0.45,9.09,0.81,4.04,0.17,2.99,,3.71,,1.49,4.75,11.42,2.35,2.66,2.48,8.86,3.29,,2.04,1.69,0.44,1.49,,0.61,,7.46,0.82,1.83,5.72,22.15,5.86,2.54,,14.98,1.35,10.18,,1.9,0.14,3.17,2.62,5.92,1.79,11.77,3.91,0.85,0.04,0.36,0.42,9.17,4.89,19.73,3.39,4.25,0.18,,3.77,0.65,0.12,,3.91,,3.08,1.71,2.17,0.86,,18.56,1.95,2.58,0.45,,0.56,2.9,0.04,1.69,3.46,,1.88,,0.76,1.62,0.38,0.2,,,6.9,10.61,4.09,0.13,4.25,,4.58,,0.01,4.39,0.77,4.38,6.14,2.19,7.64,13.99,,9.37,,8.0,8.45,7.27,3.95,8.82,,0.72,9.67,,0.59,,3.06,5.72,2.33,12.05,,0.49,0.06,7.16,15.22,0.26,1.61,6.54,7.75,14.65,0.79,,1.84,,0.51,4.92,,3.59,1.23,,,0.35,10.09,,,8.11,4.25,9.5,6.36,,3.88,5.9,0.85,0.52,8.25,5.08,1969
,1.77,1.67,,5.43,5.89,18.41,,11.62,13.4,,15.98,4.71,,,,12.43,5.04,0.86,0.54,2.56,,6.44,3.05,1.32,8.44,3.07,8.0,2.37,,6.18,7.48,2.72,0.44,9.2,0.75,3.66,0.2,2.76,,3.67,,2.0,4.76,11.9,2.26,2.63,2.71,9.58,3.46,,2.25,1.5,0.35,1.62,,0.68,,8.66,0.83,2.0,5.84,21.77,5.96,2.28,,15.53,1.86,10.33,,1.85,0.14,3.08,2.83,6.09,2.04,12.4,4.57,0.83,0.06,0.3,0.38,10.58,4.56,19.72,3.75,4.51,0.14,,4.13,0.94,0.11,,4.14,,2.99,1.93,2.45,0.04,,18.65,1.88,2.41,0.41,,0.7,3.65,0.12,1.65,3.38,,1.7,,0.79,1.45,0.34,0.21,,,7.54,11.18,4.11,0.11,4.96,,4.84,,0.02,4.44,0.99,4.48,6.14,2.19,7.62,19.89,,11.25,,8.55,8.63,7.31,4.67,9.46,,0.82,8.22,,0.57,,3.75,5.69,2.68,12.71,,0.53,0.04,7.36,15.25,0.26,1.56,6.81,7.86,14.79,0.52,,1.91,,0.39,4.84,,3.95,1.05,,,0.39,12.43,,,8.46,4.91,9.54,6.34,,3.18,6.59,0.85,0.51,8.09,5.99,1970
,1.2,2.12,,4.9,5.8,17.02,,11.69,13.6,,16.23,3.74,,,,12.62,5.03,0.99,0.53,2.21,,6.48,2.9,1.37,8.88,3.0,8.1,2.31,,6.38,7.85,2.68,0.44,11.61,0.84,3.86,0.24,2.75,,3.57,,2.36,5.0,11.57,2.72,2.74,2.83,9.4,3.22,,2.34,1.53,0.27,1.53,,0.59,,10.7,0.84,2.33,6.39,21.44,6.17,2.53,,16.54,2.18,10.39,,2.1,0.14,3.23,3.53,6.12,2.09,12.79,4.88,0.93,0.06,0.35,0.4,11.13,4.66,19.56,3.72,4.65,0.12,,4.11,0.96,0.12,,3.91,,3.34,2.16,2.75,0.03,,18.99,1.92,2.72,0.41,,0.56,3.28,0.11,1.79,3.12,,1.86,,0.68,1.12,0.27,0.21,,,8.09,11.75,4.09,0.12,5.01,,5.07,,0.01,4.62,1.25,4.06,6.52,2.21,8.03,15.95,,14.43,,8.82,8.5,7.32,4.44,10.84,,1.01,7.69,,0.6,,3.89,5.52,2.9,14.25,,0.57,0.03,7.31,15.11,0.18,1.57,5.88,7.77,14.77,0.61,,2.03,,0.49,4.92,,3.92,1.23,,,0.55,12.86,,,8.83,3.97,9.77,6.77,,3.12,5.89,0.82,0.51,8.17,6.48,1971
,1.56,2.51,,4.31,2.88,16.12,,12.21,14.2,,15.57,3.36,,,,13.0,5.66,0.98,0.55,2.3,,7.42,2.92,1.39,9.18,2.66,7.41,3.47,,6.23,8.37,2.55,0.46,12.8,0.89,3.87,0.23,2.98,,3.84,,3.06,5.42,12.66,2.8,2.66,3.05,10.1,2.85,,2.48,1.82,0.18,1.54,,0.57,,9.87,0.78,2.62,6.8,21.2,6.39,2.47,,16.25,2.07,10.43,,2.29,0.14,3.11,3.03,6.15,2.1,12.73,5.04,0.93,0.07,0.45,0.43,12.0,4.91,19.49,4.14,4.96,0.15,,3.98,1.23,0.1,,3.98,,3.09,,2.76,,,18.73,1.74,3.13,0.39,,0.55,2.89,0.2,1.96,3.29,,1.87,,0.83,1.42,0.36,0.22,,,8.76,12.05,3.96,0.13,5.08,,5.3,,0.01,3.7,1.17,4.07,6.19,2.27,8.7,16.18,0.81,15.17,,8.97,8.16,7.13,4.27,10.0,,1.07,7.32,0.01,0.69,,3.84,4.78,2.49,13.64,,0.7,0.03,7.52,16.33,0.24,1.55,6.37,8.05,15.02,0.55,,1.87,,0.27,5.54,,3.98,1.23,,,0.41,11.95,,9.36,9.14,4.17,9.69,6.61,,2.92,6.0,0.81,0.47,9.47,5.95,1972
,1.59,1.49,,4.74,5.52,15.02,,13.19,14.6,,16.44,4.54,,,,13.81,5.86,1.02,0.53,2.72,,7.58,3.01,1.29,10.14,2.82,8.45,3.54,,6.34,8.83,2.55,0.45,11.1,1.0,4.1,0.22,3.39,,3.9,,3.01,5.27,12.95,2.73,2.96,3.19,10.89,3.35,,2.51,1.99,0.19,1.62,,0.55,,11.37,0.7,3.08,7.38,21.4,6.25,2.45,,16.74,2.14,10.67,,3.0,0.14,4.07,3.14,6.31,2.21,12.82,5.19,0.98,0.08,0.56,0.48,13.11,4.86,19.89,4.3,5.2,0.17,,4.38,1.11,,,4.18,,3.1,1.55,2.95,,,19.07,1.86,3.22,0.53,,0.52,3.88,0.17,2.07,3.45,,2.04,,0.82,1.26,0.41,0.22,,,9.77,12.81,4.04,0.15,6.23,,5.4,,0.01,4.34,1.13,4.46,6.54,2.28,8.67,19.06,1.14,16.83,,10.21,8.05,7.26,4.24,10.13,,1.34,5.0,,0.59,,3.73,4.22,2.86,13.68,,0.57,0.02,8.17,17.98,0.18,1.6,7.02,7.94,15.63,0.47,,1.79,,0.32,6.45,,4.61,1.23,,,0.69,12.96,,9.27,10.04,3.97,9.88,6.73,,3.49,5.61,0.77,0.41,9.95,5.5,1973
,1.58,1.56,,3.69,2.01,16.1,,13.46,14.5,,15.28,4.03,,,,13.35,6.69,1.24,0.59,3.21,,5.07,3.0,1.38,10.22,2.97,8.22,3.71,,6.72,9.33,2.63,0.49,9.99,1.05,4.47,0.22,3.39,,3.68,,3.13,4.27,13.11,3.07,2.93,3.52,10.68,2.65,,2.91,2.32,0.17,2.23,,0.57,,11.22,0.7,3.15,8.42,21.15,7.33,2.31,,15.92,2.36,10.88,,2.99,0.11,3.46,3.58,6.32,2.33,12.86,5.3,1.02,0.09,0.53,0.54,13.67,4.74,19.65,4.28,5.18,0.18,,4.39,1.89,,,4.43,,3.02,2.85,3.42,,,18.54,1.64,3.33,0.56,,0.56,4.06,0.12,2.76,3.75,,2.44,,0.82,1.13,0.15,0.22,,,10.34,12.98,3.84,0.14,6.77,,5.74,,0.01,4.55,1.21,5.48,6.49,2.63,9.01,18.34,1.39,16.58,,10.34,7.54,6.7,2.98,8.45,,1.52,6.02,,0.57,,3.71,4.25,2.38,13.51,,0.66,0.02,8.65,18.38,0.14,1.66,6.88,8.46,15.24,0.91,,2.27,,0.4,6.24,,4.89,1.23,,,0.59,12.97,,11.57,10.39,4.04,10.11,6.87,,3.51,6.1,0.71,0.3,7.6,6.51,1974
,1.35,1.36,,2.44,1.91,17.53,,13.21,14.1,,13.56,4.7,,,,13.46,6.78,2.24,0.59,3.36,,5.76,2.97,1.33,10.15,3.44,8.49,4.59,,6.51,9.76,2.54,0.51,8.6,1.18,4.16,0.21,5.02,,3.48,,3.65,4.67,13.33,3.33,2.26,3.28,11.47,2.44,,3.0,2.76,0.11,2.55,,,,12.1,0.58,3.0,8.0,21.12,10.61,1.39,,16.84,1.93,10.88,,2.94,0.12,3.16,3.55,6.34,2.3,13.79,4.75,0.98,0.08,0.5,0.64,13.84,5.09,18.32,4.84,5.28,0.22,,4.28,1.06,,,4.19,,2.95,1.68,3.72,,,18.98,1.78,3.56,0.5,,0.55,4.25,0.08,2.98,3.87,,2.97,,0.88,0.84,0.11,0.23,,,11.41,13.23,3.57,0.13,7.04,,5.87,0.34,0.01,4.72,1.41,5.97,6.58,2.67,8.62,19.55,1.39,15.17,,9.68,7.68,6.79,3.4,8.61,,1.26,4.97,,0.82,,3.52,4.59,2.4,14.7,,0.65,,8.37,18.53,0.22,1.55,6.93,8.69,14.28,0.91,,2.3,,0.12,4.93,,5.07,1.22,,,0.77,12.25,7.48,9.94,10.4,5.24,10.18,6.85,,1.74,6.88,0.66,0.28,6.82,5.91,1975
,1.33,1.38,,2.32,3.01,17.28,,13.41,14.3,,14.94,,,,,13.6,6.93,2.26,0.48,3.77,,5.27,3.08,1.62,10.86,3.67,8.56,3.0,,6.32,9.92,2.48,0.49,9.69,1.34,4.65,0.17,4.32,,4.04,,2.79,4.75,13.62,3.82,2.11,2.87,11.84,1.67,,3.32,3.22,0.19,2.76,,0.58,,11.51,0.48,3.05,8.09,20.84,14.57,1.11,,17.23,2.34,11.01,,3.06,0.13,2.86,4.48,6.36,2.22,14.72,4.76,1.05,0.06,0.48,0.64,13.55,5.0,17.6,4.76,5.23,0.33,,4.3,1.08,,,4.17,,2.99,1.38,3.67,,,19.03,1.77,3.49,0.57,,0.57,5.32,0.14,3.23,4.04,,3.13,,0.87,0.66,0.19,0.23,,,10.53,13.2,3.48,0.11,7.47,,5.84,0.35,0.01,4.68,1.33,4.84,6.8,2.96,9.45,16.87,1.9,16.01,,9.44,7.68,7.14,3.12,8.88,,2.45,4.83,,0.92,,3.54,4.61,2.66,13.66,,0.69,0.02,7.87,17.93,0.23,2.32,6.89,8.78,13.96,1.19,,2.91,,,5.16,,5.12,1.22,,,0.77,12.2,,9.17,10.81,6.15,10.18,5.96,,2.46,8.54,0.66,0.4,6.66,6.59,1976
,1.37,1.05,,1.88,0.73,17.06,,13.54,14.2,,14.65,6.31,,,,13.47,7.39,3.46,0.5,4.61,,5.13,3.18,1.81,10.52,3.15,8.78,2.2,,6.19,9.94,2.63,0.48,10.33,1.21,4.84,0.14,4.03,,4.47,,2.92,5.21,14.2,4.56,2.16,2.58,11.43,2.6,,3.7,3.11,0.24,3.06,,0.55,,9.69,0.79,3.17,8.15,20.74,13.76,1.07,,16.44,1.99,10.92,,2.54,0.14,3.22,4.07,6.25,2.59,15.67,5.09,1.05,0.07,0.41,0.62,13.56,3.92,16.99,4.24,5.69,0.38,,4.35,1.17,,,3.85,,2.87,2.52,3.8,,,18.59,1.72,3.79,0.57,,0.55,5.0,0.11,3.66,4.29,,3.48,,0.88,0.82,0.18,0.24,,,11.07,13.25,3.29,0.15,7.89,,5.93,0.31,0.01,4.17,1.56,5.84,6.53,3.15,10.47,13.74,2.87,16.73,,9.61,7.67,7.26,3.23,9.78,,2.14,2.61,0.1,0.99,,3.59,4.69,2.57,14.85,,0.72,0.02,7.46,17.07,0.26,1.55,7.54,8.41,14.04,1.04,,4.2,,,6.22,,5.66,1.4,,,0.85,11.75,,9.98,10.28,6.74,9.99,6.23,,2.52,9.25,0.64,0.34,6.57,4.9,1977
,1.65,0.95,,1.67,0.66,15.71,,13.16,14.0,,14.42,,,,,13.4,7.05,2.49,0.49,5.04,,3.56,3.47,2.17,11.27,3.76,7.56,2.2,,6.65,10.11,2.64,0.48,9.8,1.23,5.0,0.15,4.1,,5.15,,3.06,5.69,14.64,4.36,2.43,2.33,10.91,2.73,,3.46,3.72,0.3,3.01,,0.51,,9.48,0.61,2.98,7.89,19.88,12.7,1.15,,16.27,1.57,11.39,,2.47,0.12,2.32,4.45,6.25,2.71,16.06,4.8,1.11,0.07,0.25,0.69,13.86,3.52,16.53,4.56,5.73,0.49,,4.29,1.13,,,3.54,,3.01,3.78,3.85,,,18.08,1.85,1.63,0.65,,0.48,5.8,0.12,4.47,4.04,,3.48,,0.79,0.61,0.21,0.25,,,11.25,13.79,2.78,0.29,7.75,,5.41,0.41,0.01,4.59,1.61,6.84,5.89,3.34,10.99,14.02,2.41,14.3,,10.47,7.77,7.35,3.41,11.0,,1.69,1.52,0.22,0.83,,3.65,4.55,2.37,13.59,,0.74,0.01,7.51,18.28,0.49,1.72,8.14,8.06,14.16,0.93,,4.39,,,3.77,,5.39,1.22,,,0.91,11.31,,12.47,10.89,8.44,10.26,6.07,,2.63,9.49,0.64,0.42,6.2,5.25,1978
,1.4,0.56,,1.7,0.94,16.06,,13.23,13.4,,14.99,5.25,,,,13.56,7.33,2.08,0.53,4.81,,3.45,3.54,2.1,10.91,3.76,8.43,1.92,,6.71,10.15,2.49,0.4,10.32,1.33,4.51,0.05,3.59,,5.02,,2.99,5.99,13.17,4.0,2.46,2.13,11.41,2.1,,3.75,3.56,0.29,2.98,,0.63,,8.29,0.84,3.11,7.84,19.4,11.48,1.32,,16.67,1.86,11.59,,2.45,0.08,2.63,4.14,6.35,2.93,15.59,5.12,1.08,0.07,0.05,0.73,13.83,3.05,16.49,4.29,6.02,0.59,,3.95,1.32,,,3.5,,3.07,3.22,3.89,,,18.03,1.58,1.61,0.76,,0.5,5.73,0.07,4.11,4.33,,3.68,,0.61,0.61,0.2,0.25,,0.01,11.65,13.13,2.6,0.22,8.18,,5.83,0.45,0.01,4.88,1.54,7.32,6.04,3.38,10.62,14.19,1.71,14.4,,11.41,7.72,7.24,3.6,11.19,,1.7,3.68,0.23,0.84,,3.56,4.36,2.14,13.57,,0.96,0.02,8.18,17.71,0.42,1.55,7.99,8.08,14.06,0.99,,4.77,,,3.79,,5.91,1.05,,,0.81,9.04,,13.82,11.24,10.07,10.41,5.76,,2.93,9.71,0.7,0.32,5.16,4.81,1979
,1.79,0.48,,1.73,1.67,16.6,,13.3,13.6,,15.09,4.2,,,13.23,13.99,7.26,1.86,0.5,4.66,,3.58,3.45,2.43,10.84,3.75,8.01,2.04,,6.33,10.32,2.83,0.3,10.22,1.7,6.21,0.06,3.84,,4.63,,3.01,6.28,13.99,4.89,2.64,2.1,11.5,1.76,,3.82,3.39,0.35,2.88,,0.61,,8.77,0.92,2.73,7.94,18.97,11.89,0.72,,16.45,1.63,13.21,,2.49,0.06,2.53,5.02,6.45,2.67,16.88,4.97,1.06,0.08,,0.73,13.19,2.92,16.73,4.57,6.63,0.44,,3.9,1.17,,,4.2,13.03,3.11,3.41,3.99,,,17.57,1.55,1.69,0.83,,0.4,5.38,0.08,3.02,4.52,,3.64,,0.64,0.93,0.17,0.26,,0.01,11.33,13.32,3.02,0.25,8.22,,5.98,0.29,0.01,4.98,1.61,7.0,6.01,3.09,10.66,14.91,1.64,14.77,,10.91,7.91,7.33,4.44,8.35,,0.89,1.4,0.23,0.67,,3.63,4.53,2.49,14.93,,0.85,0.02,8.6,17.69,0.3,1.53,9.3,7.65,14.25,0.93,,5.51,,,4.42,,6.82,1.05,,,1.15,8.02,7.67,13.77,10.71,8.06,10.45,8.76,,2.55,10.2,0.17,0.33,4.29,5.77,1980
,1.84,0.46,,2.46,3.72,15.29,,13.46,13.5,,14.67,4.37,,,13.2,13.25,7.99,2.34,0.52,4.86,,3.55,3.38,2.59,11.34,3.46,8.44,2.15,,6.07,10.33,2.6,0.33,9.74,1.89,6.29,0.19,4.42,,4.62,,2.96,6.71,14.23,4.15,2.8,2.17,12.09,1.91,,3.79,3.14,0.31,3.08,,0.59,,5.79,0.9,2.64,8.01,18.33,11.88,0.94,,16.01,1.64,12.04,,2.73,0.05,3.19,6.21,6.45,2.58,16.73,5.05,1.1,0.09,,0.69,12.51,2.8,15.07,3.99,6.77,0.33,,3.26,0.95,,,4.56,12.79,3.31,3.33,3.72,,,17.04,1.61,1.81,0.83,,0.39,5.24,0.06,2.82,4.76,,3.75,,0.73,0.62,0.2,0.26,,0.01,11.25,12.98,3.52,0.25,8.31,,5.32,0.27,0.02,5.06,1.43,6.29,5.93,3.26,11.21,15.38,4.06,14.22,,10.48,7.66,8.05,4.44,9.91,,0.6,1.34,0.2,0.61,,3.39,4.4,2.33,15.02,16.94,0.87,0.02,8.78,16.84,0.38,1.57,8.21,7.14,14.58,0.82,,5.47,,,5.4,,5.85,1.04,,,1.54,7.61,7.48,13.77,10.27,6.78,10.45,8.93,,2.2,9.67,0.17,0.28,3.81,6.22,1981
,1.51,0.42,,1.96,3.17,14.57,,13.05,13.5,,15.88,6.16,,,12.67,13.72,7.75,2.49,0.55,3.96,,3.21,3.57,2.94,11.2,3.7,7.99,1.91,0.42,6.51,10.32,2.85,0.32,12.64,2.06,6.16,0.16,4.74,,4.65,,3.59,6.99,14.12,3.76,2.76,2.08,12.47,2.04,,3.69,2.95,0.36,2.79,,0.58,,6.8,0.76,2.45,7.92,18.25,14.44,1.47,,15.69,1.51,11.01,,2.91,0.05,3.55,6.06,6.72,2.3,16.82,4.92,1.17,0.1,,0.8,11.9,2.65,14.5,3.99,6.88,0.39,,2.62,0.81,,,4.62,12.43,3.37,2.25,3.42,,,16.84,1.33,1.64,0.81,,0.51,4.94,0.04,2.87,4.51,,4.03,,0.58,0.35,0.22,0.27,,0.01,11.04,12.67,3.03,0.31,8.51,,4.83,0.23,0.02,5.09,1.51,6.8,5.78,3.57,8.54,16.99,4.05,13.7,,10.28,7.68,7.96,4.66,8.79,,1.19,0.69,0.33,0.61,,3.27,4.52,2.29,15.2,19.5,0.78,0.01,8.57,16.23,0.32,0.19,8.36,7.29,14.71,0.96,,5.26,,,6.79,,5.57,1.03,,,1.26,8.14,6.96,13.8,9.91,8.6,10.3,8.45,,2.1,8.98,0.17,0.3,3.35,7.0,1982
,1.68,0.33,,1.75,4.33,14.49,,12.76,14.0,,15.17,7.09,,,12.43,13.55,7.05,1.64,0.51,3.54,,3.28,3.62,3.09,10.96,3.4,7.42,2.11,0.51,6.27,10.06,2.48,0.28,9.98,2.28,6.33,0.06,5.52,,4.51,,3.66,7.46,14.14,3.07,3.01,2.16,12.81,2.69,,3.38,2.79,0.35,2.54,0.06,0.57,,6.03,0.98,2.24,7.94,17.72,14.67,1.56,,15.75,1.47,11.78,,2.82,0.05,3.16,5.17,5.26,2.19,16.39,5.11,1.17,0.08,,0.68,10.87,2.8,14.55,4.2,7.12,0.54,,2.4,0.67,,,4.65,12.33,3.29,3.56,3.28,,,16.61,1.44,1.17,0.65,,0.44,4.29,0.05,2.97,4.33,,3.52,,0.55,0.37,0.23,0.27,,0.01,11.22,11.99,3.2,0.21,7.46,,4.85,0.16,0.02,4.74,1.29,6.51,6.07,4.41,8.25,15.88,3.06,10.71,,10.21,8.46,7.74,3.89,8.52,,2.05,0.5,0.32,0.67,,3.3,4.83,2.35,14.85,17.28,0.92,0.01,8.47,16.18,0.23,0.24,7.22,6.96,14.41,0.79,,6.05,,,3.61,,5.4,1.19,,,1.26,7.52,6.99,12.35,10.1,7.01,10.18,7.92,,2.2,8.72,0.17,0.19,2.95,7.14,1983
,1.58,0.33,,1.94,5.41,13.84,,12.74,13.9,,14.74,6.66,,,12.7,13.26,6.2,1.42,0.51,2.99,,4.38,3.72,4.06,11.37,3.3,7.43,2.62,0.3,5.97,9.68,2.5,0.34,10.04,2.36,6.18,0.5,5.92,,4.87,,3.75,7.61,14.29,2.77,3.33,2.27,12.4,2.48,,3.63,2.33,0.37,2.56,0.08,0.55,,7.66,0.68,2.19,8.06,16.89,15.14,1.27,,15.14,1.61,11.59,,3.02,0.05,3.11,4.06,4.45,2.18,16.82,5.37,1.15,0.06,,0.9,11.07,2.65,14.08,3.21,7.11,0.37,,2.47,0.57,,,4.67,12.35,3.47,3.3,3.62,,13.01,15.9,1.18,1.09,0.66,,0.46,5.05,0.04,2.82,4.38,,3.65,,0.54,0.26,0.29,0.27,,0.02,10.76,12.08,3.1,0.21,7.35,,4.98,0.14,0.02,4.99,1.25,7.03,5.73,4.3,8.31,16.37,2.23,10.67,,10.14,8.98,7.09,3.97,9.07,,1.7,0.94,0.4,0.58,,3.12,4.57,2.32,14.33,17.23,1.1,0.01,8.77,14.49,0.28,0.26,6.97,6.82,14.33,0.85,,6.04,,,2.61,,5.89,1.16,,,1.0,7.84,7.08,12.43,10.16,6.56,10.18,7.67,,2.26,9.01,0.17,0.22,2.83,7.27,1984
,1.6,0.31,,2.06,3.57,12.75,,12.89,13.3,,14.55,5.46,,,11.41,13.14,6.17,1.23,0.5,3.41,,4.4,3.79,3.31,10.92,3.11,8.26,2.5,0.25,6.21,9.55,2.8,0.39,9.72,2.53,6.33,0.38,5.45,,5.04,,3.96,7.93,14.24,3.12,3.47,2.69,12.2,2.96,,3.52,2.32,0.37,2.57,0.25,0.54,,9.69,0.63,2.05,8.02,16.59,14.75,1.67,,15.14,1.46,10.88,,3.03,0.06,2.84,5.89,6.41,1.9,16.74,5.34,1.26,0.06,,0.66,11.62,2.69,13.22,2.68,6.98,0.24,,2.8,0.52,,7.08,4.81,10.85,3.74,2.55,3.99,,11.56,15.74,1.29,1.35,0.69,,0.64,4.91,0.05,2.86,4.45,,3.33,,0.56,0.25,0.3,0.27,,0.01,10.55,11.96,3.35,0.14,7.27,,5.22,0.12,0.02,4.87,1.31,6.85,5.1,4.58,8.5,13.93,2.06,10.18,,10.09,7.61,7.51,3.51,8.9,,1.74,0.76,0.27,0.45,,3.19,4.79,1.79,13.82,15.07,1.13,0.01,8.4,14.47,0.26,0.25,6.24,6.9,14.37,1.01,,2.46,,,2.84,,4.94,1.16,,,0.98,7.02,6.62,8.35,10.24,8.25,9.88,7.24,,2.16,7.95,0.17,0.28,3.11,6.6,1985
,1.39,0.29,,1.69,3.55,12.89,,12.3,13.6,,14.13,5.1,,,7.57,12.72,5.73,1.25,0.46,3.3,,4.5,4.14,2.53,11.47,3.7,8.35,2.92,0.22,6.5,9.41,2.94,0.32,8.93,2.92,6.61,0.16,5.09,,4.86,,4.04,8.33,13.01,2.8,3.51,2.34,12.26,2.27,,3.73,2.5,0.39,2.41,1.84,0.3,,6.47,0.62,1.81,8.51,16.13,13.73,2.19,,14.72,1.35,8.92,,2.58,0.15,2.44,6.06,5.74,2.04,16.67,5.47,1.32,0.07,,0.76,11.23,2.26,12.37,2.78,7.21,0.3,,2.76,0.58,,3.42,4.93,7.79,4.12,2.35,4.43,,8.04,15.3,1.4,1.36,0.64,,0.61,5.33,0.03,3.04,4.43,,2.72,,0.72,0.37,0.28,0.26,,0.01,10.62,12.22,3.48,0.17,7.26,,5.27,0.14,0.02,5.08,1.23,7.48,5.95,4.11,9.18,13.49,2.11,10.25,,10.31,5.29,6.87,3.98,9.66,,1.63,0.65,0.2,0.44,,3.21,4.61,1.63,13.3,18.13,0.9,0.01,8.85,14.37,0.2,0.25,5.25,7.21,14.07,1.03,,2.46,,,2.8,,5.21,1.15,,,0.85,7.47,4.39,6.74,10.26,7.29,9.73,7.23,,1.74,8.34,0.17,0.22,3.07,7.23,1986
,1.63,0.28,,1.63,3.68,12.76,,12.45,13.5,,14.17,5.59,,,5.71,13.16,4.65,1.53,0.46,3.06,,4.27,3.95,2.89,10.91,4.07,8.22,3.36,0.22,6.5,9.28,2.78,0.29,9.49,3.3,6.81,0.08,4.15,,4.23,13.51,4.37,8.88,13.2,2.49,3.59,2.36,11.74,1.6,,4.38,2.54,0.39,2.26,2.4,0.39,,3.47,0.63,1.65,8.75,15.9,11.4,1.96,,14.82,1.71,9.82,,2.77,0.18,2.46,7.6,5.11,2.01,15.7,5.64,1.49,0.07,,0.66,10.99,2.26,11.76,3.12,7.69,0.3,,2.78,0.63,,3.01,4.6,5.75,3.81,2.1,4.88,,6.22,15.23,1.33,1.12,0.64,,0.62,5.0,0.02,3.42,4.7,,2.1,,0.77,0.29,0.27,0.25,,0.02,10.2,12.27,3.45,0.15,7.32,,5.38,1.17,0.02,5.06,1.29,7.35,6.69,4.42,9.41,12.35,1.42,10.18,,10.29,4.59,6.49,3.17,10.03,,3.14,1.9,0.22,0.46,,3.28,4.52,1.74,13.24,16.64,0.69,0.01,8.97,14.41,0.18,0.25,3.48,7.07,14.02,0.77,,2.6,,,2.65,,4.35,0.98,,,0.89,7.52,4.01,5.37,9.53,6.89,9.61,7.64,,1.44,9.16,0.16,0.17,3.22,5.03,1987
,1.67,0.42,,1.89,3.87,11.49,,12.39,13.7,,12.17,4.94,,,4.55,12.52,4.35,1.35,0.32,3.14,,4.56,4.11,2.48,11.17,3.63,8.19,3.31,0.17,6.31,9.39,2.51,0.29,9.52,3.5,7.18,0.08,3.82,,5.51,11.07,4.45,9.61,12.84,2.3,3.66,2.12,11.9,0.97,,4.32,3.35,0.41,1.84,5.97,0.42,,4.4,0.66,1.79,9.03,15.86,12.28,1.8,,14.61,1.55,10.1,,3.04,0.19,0.003,10.35,5.66,2.25,15.34,5.47,1.55,0.07,,0.67,11.39,2.18,11.41,3.12,8.17,0.28,,2.9,0.5,,3.51,4.71,6.27,4.04,2.19,5.52,,7.11,15.11,1.31,1.1,0.66,,0.67,7.15,0.01,3.57,4.49,,2.16,,0.76,0.27,0.16,0.25,,0.02,10.17,11.28,2.6,0.13,6.76,,5.26,1.08,0.02,4.24,1.26,6.83,5.54,3.85,9.52,12.92,1.42,10.13,,10.4,5.19,6.44,4.26,12.27,,2.63,1.74,0.21,0.56,,3.26,4.38,1.75,12.77,14.96,0.71,,9.22,13.52,0.17,0.19,4.11,7.31,14.03,0.84,,3.45,,,2.54,,3.53,0.97,,,0.71,7.77,4.43,4.86,9.94,4.81,9.39,7.6,,1.67,9.72,0.16,0.19,3.49,5.1,1988
,1.73,0.4,,2.29,4.69,10.82,,12.09,13.9,,12.34,4.89,,,7.98,11.61,,1.38,0.31,3.05,,4.68,5.52,2.78,11.43,3.99,8.16,2.78,0.33,6.36,9.14,2.52,0.29,8.65,3.16,6.96,0.11,3.03,,5.4,10.92,4.37,9.29,13.01,2.2,3.68,1.92,11.65,0.87,,4.53,2.54,0.42,1.77,6.49,0.29,,6.68,0.86,1.95,9.42,16.05,9.34,1.64,,14.64,1.49,10.15,,2.47,0.21,2.67,9.94,5.8,2.15,16.29,5.35,1.66,0.06,,0.75,11.79,2.03,10.95,3.06,7.74,0.18,,2.83,0.48,,4.29,7.51,7.51,3.94,2.02,5.62,,8.14,15.21,1.38,1.02,0.68,,0.67,7.13,0.03,3.54,5.1,,2.59,,0.7,0.39,0.15,0.24,,0.03,10.03,11.52,2.49,0.11,6.74,,5.08,1.03,0.02,4.61,1.12,6.51,4.99,3.78,9.33,14.64,1.45,9.61,,8.67,5.35,7.55,4.65,11.62,,2.63,2.58,0.15,0.61,,3.3,4.38,1.61,12.7,12.96,0.58,,9.21,13.28,0.14,0.15,3.67,7.47,13.86,0.55,,4.0,,,2.22,,4.67,0.96,,,0.72,7.8,5.32,4.43,9.99,5.89,9.16,7.44,,1.76,7.88,0.16,0.2,3.37,4.92,1989
,2.03,0.19,,2.12,5.14,11.66,3.18,11.01,13.9,2.92,12.53,5.39,0.01,7.36,7.85,12.18,5.21,0.94,1.74,2.89,11.87,5.44,5.25,2.9,11.46,4.05,10.27,2.68,0.4,5.9,8.77,,0.39,8.61,3.34,7.01,0.19,2.45,6.05,6.09,15.9,3.98,9.46,,4.24,3.71,2.29,11.85,0.78,9.35,5.34,2.1,0.1,2.2,3.17,0.22,9.84,5.14,0.92,2.34,9.53,15.73,9.48,1.66,4.84,14.89,1.3,10.33,7.31,3.0,0.17,2.88,8.08,6.12,2.47,16.15,5.24,1.71,0.07,,0.48,12.13,1.84,10.99,3.54,8.28,0.2,11.9,2.91,0.44,,4.53,4.84,6.72,1.63,2.48,4.55,,7.05,15.03,1.52,0.94,0.79,,0.63,7.21,0.02,2.62,4.89,,2.23,,0.71,0.51,0.12,0.23,,0.03,9.91,11.31,2.74,0.1,9.21,7.23,4.99,0.25,0.02,5.72,1.11,7.55,5.04,4.16,8.16,15.21,1.13,8.37,,8.92,7.37,10.21,5.03,11.72,6.18,2.27,2.8,0.16,0.57,,3.97,4.26,1.61,,13.79,0.66,0.01,9.23,12.98,1.25,1.95,4.27,7.41,12.99,0.59,,5.02,,0.37,1.91,0.76,5.97,0.95,,1.27,1.02,8.03,5.67,4.05,9.96,4.98,9.24,7.56,,1.53,8.85,0.16,0.21,2.91,4.5,1990
,1.28,0.18,,2.14,4.42,12.32,2.98,10.64,14.1,2.88,12.45,5.3,,7.54,8.87,11.44,4.91,0.77,1.82,3.17,13.79,5.13,5.5,2.91,9.47,3.92,10.42,3.2,0.22,3.91,8.28,2.12,0.46,7.99,3.4,7.29,0.14,2.79,3.23,6.1,13.69,3.54,9.16,13.74,4.35,3.74,2.11,11.76,0.76,11.61,4.94,2.43,0.09,2.32,3.99,0.22,9.13,5.57,0.78,2.15,9.22,14.85,10.44,1.45,3.17,13.92,1.46,10.18,6.75,2.31,0.27,3.05,8.58,5.53,2.48,15.43,5.14,1.84,0.06,,0.24,12.2,1.73,10.82,4.83,8.03,0.14,12.77,2.55,0.63,,4.66,4.79,6.74,2.6,2.03,4.66,,8.03,14.26,1.26,1.06,0.75,,0.54,7.22,0.06,3.02,4.84,,2.06,,0.79,0.65,0.09,0.24,,0.05,10.03,11.19,2.95,0.09,9.37,6.34,4.9,0.31,0.02,5.77,1.11,9.11,5.26,4.03,8.63,14.78,1.03,8.24,,8.91,8.05,12.07,4.16,12.18,6.11,2.19,3.71,0.21,0.42,,4.2,4.21,1.7,13.24,13.18,0.64,,9.02,12.88,1.48,1.92,4.38,7.47,12.9,0.76,,5.14,,0.38,1.58,0.57,6.24,0.79,,1.64,1.21,8.02,5.86,3.92,10.01,5.71,8.71,7.27,,1.58,9.29,0.16,0.14,2.77,3.39,1991
,1.35,0.2,,2.67,4.5,12.09,2.52,10.32,13.6,4.31,13.2,5.11,0.01,7.09,8.7,11.65,5.69,0.83,2.09,2.94,10.03,6.38,5.27,,10.15,4.86,10.61,3.8,0.25,3.24,8.02,2.06,0.4,7.82,3.54,6.18,0.12,2.83,3.73,5.57,11.47,3.75,10.38,14.39,4.17,3.73,1.93,11.94,0.6,10.28,6.04,2.44,0.08,2.17,4.09,0.7,7.84,4.87,0.65,2.15,8.88,14.72,8.75,1.72,6.76,13.84,1.57,9.99,7.2,2.4,0.37,2.79,9.3,4.8,2.42,14.82,4.73,1.59,0.06,,0.27,12.51,1.81,10.55,4.47,8.09,0.11,10.96,2.57,0.58,,4.25,4.77,6.88,2.09,2.0,4.96,,3.97,14.18,1.3,1.15,0.94,,0.47,7.17,0.02,3.28,5.27,,1.72,,0.75,0.57,0.23,0.19,,0.05,10.03,10.52,2.81,0.07,9.17,7.54,4.67,0.3,0.03,5.5,1.11,9.12,5.62,4.08,8.27,14.36,1.07,8.13,10.06,8.81,7.07,14.06,4.03,12.85,6.47,2.0,2.8,0.06,0.39,,4.47,4.18,1.79,12.63,15.7,0.91,,9.13,12.19,1.6,1.91,4.78,7.5,12.33,0.91,2.4,5.0,7.0,0.37,1.34,0.67,5.65,0.78,0.42,1.21,1.31,7.73,5.54,3.95,9.65,5.77,8.71,7.24,1.32,1.46,9.47,0.16,0.22,2.71,2.83,1992
,1.49,0.24,,1.79,4.3,11.56,2.71,9.63,13.5,2.91,12.8,5.0,,7.51,10.23,11.66,6.35,0.96,3.0,2.97,8.55,5.53,4.92,0.79,9.86,4.99,10.31,4.66,0.25,3.08,7.5,2.28,0.3,7.67,3.8,6.66,0.12,2.87,2.29,5.64,11.26,2.91,9.41,13.72,4.27,3.83,1.96,11.89,0.69,10.33,5.63,2.39,0.08,2.46,5.84,1.29,8.1,6.57,0.68,2.05,8.39,14.24,8.39,1.43,6.51,13.5,1.82,10.67,7.31,2.05,0.4,3.12,9.39,4.72,2.59,14.16,4.45,1.76,0.08,,0.39,12.34,2.18,10.27,3.43,8.37,0.15,10.43,2.04,0.58,,2.0,4.81,7.95,2.37,2.41,4.97,,3.88,13.74,1.14,0.99,0.89,,0.46,7.21,0.02,2.84,5.23,,1.86,,0.61,0.48,0.21,0.2,,0.06,9.67,10.43,2.75,0.08,8.97,5.9,4.55,0.3,0.03,5.22,1.1,9.85,5.03,3.82,8.39,14.17,0.8,7.82,11.6,9.01,8.36,10.16,4.62,13.21,5.97,3.4,5.3,0.03,0.36,,4.74,4.17,1.76,12.04,15.66,0.36,0.01,8.82,11.67,1.49,2.07,4.55,7.51,12.33,0.76,1.17,5.07,5.09,0.38,1.27,0.84,5.18,0.94,0.55,1.35,1.4,7.78,5.47,3.68,9.45,5.57,8.4,7.49,1.1,1.39,9.25,0.16,0.2,3.11,3.54,1993
,2.77,0.25,,2.0,4.77,10.94,4.34,9.89,12.5,1.37,12.95,4.64,0.01,7.39,9.86,11.12,5.55,0.7,1.81,3.1,8.19,5.08,5.2,0.4,9.7,4.66,9.47,4.44,1.29,3.11,7.5,2.04,0.32,7.73,3.98,6.83,0.1,2.06,2.61,6.07,11.61,3.84,9.53,13.83,3.97,3.7,1.84,12.14,0.57,8.45,5.86,2.14,0.08,2.64,1.68,1.53,8.18,5.69,0.65,1.9,8.16,14.11,7.26,1.56,5.39,13.37,1.86,10.43,7.72,1.68,0.41,3.0,8.86,4.6,2.27,13.71,4.61,1.71,0.06,,0.33,12.67,1.72,10.12,2.98,8.29,0.15,8.78,1.9,0.54,,2.98,5.0,9.59,2.45,2.48,5.16,,3.62,13.61,1.26,1.12,0.88,,0.46,7.2,0.01,2.79,5.18,,1.68,,0.6,0.57,0.23,0.3,,0.06,9.68,10.33,2.56,0.01,8.91,7.5,4.74,0.29,0.03,5.46,1.08,9.99,5.28,3.67,8.31,14.05,0.86,8.14,16.31,7.84,8.66,7.86,4.37,11.34,5.97,2.8,4.37,0.05,0.39,,4.53,4.17,1.88,13.02,14.8,0.36,,9.22,11.36,1.64,1.98,5.21,7.71,11.79,0.77,1.28,5.07,7.54,0.39,1.3,0.9,5.52,1.05,1.67,1.62,1.45,7.96,4.21,3.53,9.41,5.65,8.25,7.9,1.84,1.72,8.41,0.32,0.18,3.13,4.68,1994
,2.87,0.29,,1.95,5.08,10.13,2.98,9.69,13.4,1.23,10.93,4.7,,5.76,9.35,11.04,5.94,0.83,1.82,3.12,8.47,5.27,5.89,0.73,9.51,4.67,8.57,3.82,1.02,3.05,7.3,1.93,0.19,8.34,4.7,6.96,0.11,2.02,2.08,5.91,10.91,3.59,9.47,13.74,4.59,3.87,1.99,12.16,0.42,10.41,5.52,2.3,0.08,2.77,3.57,2.16,8.27,6.33,0.7,1.81,8.31,14.12,9.35,1.38,3.35,13.35,1.94,10.09,6.75,2.09,0.57,2.96,8.54,5.42,2.55,12.56,4.76,1.83,0.11,,0.34,12.86,1.5,9.62,2.87,8.16,0.15,4.91,2.13,0.71,,1.66,4.98,9.08,2.38,2.26,5.17,,6.09,13.61,1.24,1.59,0.94,,0.48,7.19,0.01,2.95,5.14,3.71,2.05,,0.56,0.81,0.21,0.1,,0.07,9.8,10.15,2.45,0.08,8.77,9.92,4.79,0.27,0.03,5.55,1.01,11.55,5.23,3.87,8.01,13.59,0.92,7.94,15.82,8.2,11.22,9.8,6.32,11.8,6.12,2.38,4.57,0.06,0.37,,4.79,4.15,2.01,12.55,13.94,0.3,,8.96,11.09,1.91,2.01,4.99,7.33,11.45,0.66,1.75,5.75,6.63,0.4,1.59,0.95,4.27,1.06,2.0,2.19,1.49,8.29,3.72,3.32,9.7,5.53,8.14,8.15,1.9,1.47,8.24,0.31,0.17,3.3,4.34,1995
,3.12,0.29,,2.07,5.44,9.93,2.92,9.77,13.5,1.44,10.3,4.9,,5.85,10.45,10.94,5.23,1.28,3.16,2.98,9.68,5.02,5.88,0.71,9.18,5.02,8.28,4.16,1.57,2.47,7.4,1.74,0.5,7.43,4.48,6.69,0.06,2.11,2.21,5.58,11.1,3.45,8.49,13.78,4.46,5.67,1.87,12.27,0.47,7.42,5.67,1.67,0.08,2.57,2.8,1.64,7.97,5.68,0.78,2.11,8.24,13.77,8.7,1.44,3.5,13.12,1.87,9.67,7.8,2.19,0.32,2.78,8.55,6.15,2.43,12.55,4.9,1.91,0.11,,0.26,13.66,1.62,9.13,2.92,8.06,0.16,3.08,1.82,0.69,,2.53,5.08,8.37,1.42,2.14,4.64,,7.13,13.31,1.29,1.61,0.92,,0.51,7.22,0.02,2.91,5.26,3.65,1.52,,0.5,0.69,0.27,0.19,,0.07,9.8,9.94,2.22,0.06,9.35,10.15,5.04,0.3,0.03,5.67,0.63,11.05,4.72,3.85,7.91,12.84,0.9,8.77,16.44,8.05,9.21,9.86,5.86,10.85,5.74,3.21,5.35,0.06,0.38,,4.57,6.72,1.99,12.86,12.6,0.35,,10.76,10.86,1.36,2.0,4.75,6.9,11.33,0.82,1.82,6.1,5.68,0.41,1.35,0.91,2.4,1.05,1.71,0.74,1.38,7.84,3.26,2.68,9.75,4.61,8.18,7.96,1.64,1.23,8.41,0.63,0.15,3.18,4.22,1996
,2.22,0.28,,2.59,5.45,10.25,2.84,9.91,12.9,0.71,10.27,6.13,,5.88,11.02,10.92,5.16,1.17,1.92,3.08,10.0,4.93,5.82,0.22,8.13,4.68,8.92,3.47,1.78,2.47,7.2,1.58,0.34,6.57,4.6,6.45,0.1,1.73,3.31,5.62,13.21,3.39,8.33,14.05,4.47,5.57,1.89,12.2,1.48,8.42,5.8,1.52,0.08,2.83,2.74,1.57,8.3,8.26,0.85,2.0,8.56,13.31,9.41,1.58,2.62,13.0,1.65,9.5,9.39,1.95,0.24,2.31,6.54,6.0,2.7,12.51,5.1,1.54,0.1,,0.23,14.18,2.03,9.12,2.86,8.15,0.17,3.4,1.91,0.62,,2.64,5.17,8.36,2.08,2.03,4.53,,7.34,13.03,1.01,1.26,0.97,,0.49,6.46,0.02,3.19,4.76,3.61,1.63,,0.48,0.62,0.29,2.3,,0.08,10.05,8.29,2.42,0.07,9.88,6.06,5.28,0.3,0.03,5.9,0.88,10.49,4.62,3.83,8.51,12.58,0.9,8.69,16.4,8.74,9.25,9.36,5.61,10.49,5.98,1.41,4.89,0.06,0.34,,4.56,6.68,2.1,13.09,11.44,0.42,,10.77,11.69,1.53,2.0,7.21,7.11,11.21,0.76,0.8,5.9,5.53,0.44,1.4,0.77,3.31,1.06,1.73,0.82,1.64,7.72,3.98,2.9,9.97,5.25,8.1,7.82,1.67,1.43,7.85,0.62,0.09,3.01,5.19,1997
,1.54,0.26,,2.51,5.35,9.21,1.9,9.79,12.9,1.7,9.78,2.55,,5.49,11.72,9.92,5.23,1.26,1.79,3.17,8.37,5.05,5.74,0.15,7.86,4.25,7.39,3.69,1.95,2.97,7.3,1.68,0.26,7.25,3.88,6.55,0.07,1.88,1.64,5.59,13.84,3.71,8.68,13.92,4.42,5.99,1.89,11.69,1.34,7.51,6.01,1.8,0.08,2.79,2.68,1.73,8.01,7.47,0.8,1.96,8.6,13.27,8.67,1.88,2.09,12.74,1.72,9.03,10.1,1.65,0.39,2.06,7.82,5.87,2.57,12.69,5.56,1.43,0.09,,0.22,14.44,2.09,8.98,2.74,8.1,0.15,3.89,1.72,0.77,,3.31,5.2,8.94,1.59,1.92,4.15,0.01,6.35,12.88,1.06,1.32,1.01,,0.4,6.7,0.02,3.28,4.88,3.58,3.23,,0.64,0.67,0.26,1.59,,0.08,9.93,8.13,2.79,0.09,10.31,5.4,5.24,0.27,0.03,6.28,0.89,9.61,4.32,3.82,8.32,12.48,0.56,8.65,16.87,7.28,9.87,9.97,6.25,10.85,6.19,1.74,6.47,0.07,0.38,,4.77,6.8,2.09,12.13,14.61,0.24,,10.6,11.58,1.5,1.89,7.12,6.8,11.07,0.93,0.45,5.88,6.24,0.49,1.26,0.96,3.59,1.06,1.62,0.98,1.54,7.98,3.74,2.54,10.14,5.67,8.1,7.81,1.73,1.34,7.77,0.61,0.11,2.97,4.82,1998
,2.19,0.23,,1.97,5.65,9.21,2.16,9.88,12.8,1.16,8.65,2.95,,6.64,12.72,10.1,5.2,1.17,3.25,3.67,8.57,4.51,5.96,0.51,7.65,4.54,6.89,4.0,1.91,2.3,7.5,1.54,0.22,7.61,3.61,6.29,0.08,2.08,1.04,5.42,12.15,3.96,8.93,13.85,4.54,5.93,1.89,11.62,0.93,7.48,6.29,1.58,0.08,3.18,1.15,1.41,8.85,7.88,0.9,2.24,8.62,13.15,8.93,2.17,2.06,12.94,1.64,9.47,10.08,1.32,0.33,2.16,7.17,5.73,2.6,12.09,5.9,1.73,0.09,,0.21,14.95,2.0,8.86,2.72,8.17,0.15,3.52,1.65,0.73,,1.69,5.32,8.84,1.5,2.08,3.85,0.02,6.75,12.92,1.21,1.29,1.08,,0.42,6.81,0.02,3.75,4.85,3.54,2.36,,0.51,1.02,0.26,4.24,3.46,0.09,10.06,8.3,2.81,0.08,10.34,7.44,5.45,0.21,0.02,6.23,0.87,8.29,4.05,3.8,8.22,13.18,0.48,9.16,14.37,7.66,10.7,9.6,6.55,11.91,6.73,1.78,5.73,0.01,0.41,,4.75,6.88,2.08,12.13,12.28,0.21,,10.81,11.33,1.53,1.93,6.14,6.88,11.05,0.52,0.33,5.16,5.03,0.5,0.97,1.33,3.81,1.14,1.63,1.52,1.46,7.6,3.93,2.83,10.16,5.02,8.21,7.94,1.71,1.15,7.3,0.6,0.08,3.1,4.63,1999
,3.92,0.25,12.77,1.47,6.86,7.68,2.91,10.17,13.35,0.66,11.93,1.97,0.005,7.31,12.92,11.21,4.7,1.44,1.66,2.3,3.87,5.38,7.3,0.35,10.26,4.51,7.17,3.49,0.6,3.89,,1.68,0.3,6.24,3.01,4.52,0.08,2.05,,4.24,13.24,3.93,9.56,13.9,4.65,3.54,0.55,11.68,1.24,8.74,6.72,4.01,0.14,2.65,6.7,0.88,9.03,6.8,0.19,2.46,8.88,13.92,8.89,3.16,3.29,12.91,1.95,8.6,9.21,2.52,0.18,3.02,6.82,3.63,2.47,12.23,6.14,0.93,0.063,0.012,0.22,13.84,2.58,9.78,3.77,7.96,0.47,5.81,1.51,0.56,0.013,5.33,5.19,7.13,2.37,3.09,4.47,0.012,9.87,13.21,1.17,1.36,0.56,1.99,0.58,5.94,0.03,4.58,5.16,2.23,2.15,,0.45,0.65,0.12,2.65,5.52,0.084,10.13,8.83,3.58,0.092,11.47,7.63,5.67,0.38,0.015,5.08,0.67,5.64,4.76,4.72,8.4,12.77,0.55,10.33,6.76,9.0,10.21,8.71,8.82,12.8,5.13,3.0,5.07,0.054,0.24,,8.33,3.75,2.02,11.33,12.8,0.71,,7.7,11.61,1.45,,4.46,6.2,11.26,0.93,0.81,5.81,4.49,0.5,1.08,1.22,4.81,1.2,2.89,1.32,1.66,11.68,6.95,1.66,10.82,5.96,8.21,7.11,3.03,0.82,8.09,0.71,0.07,2.82,1.89,2000
,4.51,0.23,13.08,1.94,6.85,7.76,2.87,9.53,12.35,0.5,11.38,1.89,0.004,7.42,10.74,11.01,4.77,1.39,1.42,2.19,4.11,5.5,7.18,0.44,11.07,5.53,6.62,3.86,0.62,4.38,,1.67,0.34,6.1,2.81,4.31,0.1,2.05,,4.25,13.69,4.05,10.16,13.64,4.67,2.54,0.47,11.54,1.33,8.54,6.36,4.19,0.13,2.76,6.79,0.67,10.1,6.7,0.2,2.35,8.94,14.15,9.27,3.28,2.77,12.46,1.85,8.75,9.77,2.41,0.17,2.75,7.36,3.62,2.61,13.18,6.32,0.98,0.06,0.012,0.19,14.04,2.83,9.68,3.72,8.01,0.52,5.55,1.64,0.71,0.013,5.7,3.14,6.68,2.32,2.85,4.42,0.002,10.2,13.1,1.05,1.3,0.52,1.74,0.6,5.99,0.012,4.31,5.02,2.83,2.18,,0.45,0.65,0.12,2.29,2.88,0.091,9.82,8.69,3.48,0.093,11.17,9.35,5.49,0.54,0.014,4.9,0.65,5.49,4.09,4.53,7.74,12.63,0.75,11.45,6.34,12.07,10.47,9.27,9.28,12.92,5.07,3.42,5.1,0.049,0.24,,6.84,3.98,2.08,11.12,11.58,0.7,,7.56,12.01,1.68,,4.41,6.5,11.12,0.95,0.8,5.84,4.4,0.5,0.88,1.34,4.7,1.18,2.36,2.07,1.6,11.8,7.31,1.62,11.31,6.25,8.25,6.9,2.92,0.76,8.15,0.76,0.08,2.8,1.93,2001
,3.96,0.36,12.16,2.08,6.67,7.81,2.87,9.84,12.09,0.55,10.94,1.87,0.003,7.59,11.78,11.29,4.92,1.34,0.3,2.24,4.08,6.43,7.02,0.12,10.8,5.48,6.51,3.87,0.75,4.54,,1.6,0.4,6.06,2.88,4.32,0.13,2.33,,4.16,13.88,4.1,11.68,13.77,4.56,3.09,0.52,11.32,1.11,8.69,6.65,3.98,0.14,2.85,7.12,0.89,12.16,5.51,0.16,2.27,9.25,13.92,8.29,3.37,2.74,12.25,1.95,8.22,10.99,2.3,0.21,2.6,8.47,3.65,2.92,13.28,6.53,1.08,0.054,0.012,0.17,13.95,2.79,9.25,3.61,7.86,0.51,5.78,1.67,0.51,0.011,5.84,3.35,7.44,2.06,2.93,4.29,0.002,11.0,12.88,0.8,1.25,0.52,1.82,0.61,6.12,0.012,3.91,4.92,2.79,2.41,,0.46,0.66,0.14,1.99,2.93,0.19,9.72,9.09,3.46,0.088,11.09,5.02,5.89,0.53,0.014,4.94,0.58,4.81,3.93,4.39,8.02,12.5,0.83,9.55,5.84,13.15,10.87,9.16,8.95,13.15,5.21,3.29,5.93,0.056,0.22,,8.13,3.9,2.16,11.16,9.87,1.09,,7.47,10.41,1.62,,4.58,6.88,10.85,0.9,0.8,5.86,4.67,0.48,0.86,1.5,5.25,1.15,2.41,0.54,1.59,11.64,7.13,1.6,11.33,5.14,8.33,6.08,2.73,0.9,6.99,0.82,0.07,2.61,2.39,2002
,4.33,0.33,12.25,2.2,6.91,7.62,3.0,9.97,12.31,0.55,10.59,2.04,0.003,7.51,11.17,11.28,5.63,1.46,0.53,2.32,4.29,5.63,6.84,0.11,10.92,5.57,6.37,4.21,0.84,4.6,,1.61,0.46,6.37,2.89,4.14,0.26,2.26,,4.05,12.99,4.39,10.62,13.87,4.65,3.13,0.48,11.53,0.52,8.02,6.53,4.04,0.14,2.91,7.87,0.62,11.64,5.62,0.14,2.07,9.31,13.45,6.41,3.63,2.79,11.92,1.91,8.91,9.89,2.34,0.18,3.07,8.75,3.56,2.87,13.24,6.52,1.17,0.05,0.012,0.083,13.04,2.58,9.3,3.43,7.82,0.5,6.22,1.5,0.44,0.012,6.35,3.43,8.24,1.96,1.97,4.23,0.012,11.29,12.52,0.83,1.22,0.51,1.95,0.56,6.54,0.004,4.02,5.01,3.16,1.67,,0.48,0.6,0.61,2.29,2.32,0.2,9.48,8.92,3.72,0.096,11.33,8.25,6.04,0.55,0.014,4.92,0.56,4.49,4.59,4.42,9.06,12.22,0.92,9.66,6.27,11.55,11.32,8.65,9.27,13.78,5.47,4.16,6.7,0.057,0.19,,7.35,3.87,1.43,10.23,11.55,1.2,,7.32,11.04,1.69,,4.7,6.88,10.82,0.86,0.74,6.07,5.18,0.44,0.89,1.79,5.44,1.19,2.57,1.52,1.53,11.37,6.81,1.57,11.28,3.45,8.4,5.4,2.92,0.88,6.39,0.93,0.04,2.39,1.96,2003
,4.42,0.45,12.23,2.41,6.72,7.63,3.73,9.84,12.17,0.63,9.61,1.98,0.004,7.43,12.08,12.05,6.07,1.25,0.97,2.61,4.38,4.91,6.7,0.092,10.7,5.51,6.24,4.25,0.9,4.69,,1.6,0.42,6.32,2.96,4.13,0.27,2.03,,4.08,12.42,4.36,13.03,13.42,0.85,3.13,0.34,11.26,0.51,8.92,5.31,4.09,0.14,2.78,8.11,0.72,15.52,5.76,0.21,2.05,9.89,13.14,8.02,3.56,2.89,11.83,0.55,9.1,8.68,2.38,0.34,3.56,8.65,3.58,2.83,13.28,6.71,1.18,0.054,0.012,0.33,13.11,2.44,8.98,3.32,7.69,0.5,6.23,0.69,0.49,0.018,6.65,3.54,8.81,1.87,1.78,4.25,0.012,12.1,12.34,0.8,1.25,0.51,1.67,0.55,6.61,0.014,4.1,5.0,2.03,1.7,,0.47,0.59,0.64,1.89,2.52,0.23,9.57,9.17,3.75,0.096,11.33,8.11,6.22,0.59,0.014,4.97,0.55,5.17,4.54,4.42,9.19,12.26,1.0,9.18,7.61,11.77,11.5,7.83,9.87,12.58,5.77,3.62,5.92,0.059,0.36,,6.56,3.81,1.44,10.52,10.01,1.21,,7.2,11.32,1.56,,4.66,6.51,10.54,0.61,0.7,6.1,4.98,0.39,1.61,1.79,5.52,1.22,2.58,2.2,1.48,11.06,6.51,1.59,11.58,5.69,8.48,5.88,2.82,0.85,7.58,1.13,0.06,2.75,2.48,2004
0.016,4.98,0.5,11.82,3.49,7.44,7.6,4.17,10.3,12.14,0.73,9.83,1.92,0.0004,7.84,11.19,12.21,6.1,1.24,0.73,2.8,4.5,6.38,6.76,0.14,10.22,5.87,6.07,4.32,1.1,4.9,8.0,1.57,0.46,7.57,2.92,4.27,0.24,2.28,,4.11,10.72,4.48,11.41,13.66,0.85,3.2,0.37,11.26,1.22,8.9,5.75,3.9,0.15,2.68,7.82,1.18,16.58,5.05,0.21,2.03,9.95,12.88,7.56,3.31,4.36,11.68,0.56,9.15,8.85,2.34,0.2,3.69,5.84,3.49,3.02,12.95,7.05,1.25,0.059,0.012,0.18,13.06,2.46,8.65,3.36,7.98,0.51,6.57,0.88,0.61,0.013,6.52,3.69,9.92,1.73,1.94,4.2,0.005,12.42,12.31,0.74,1.45,0.49,1.23,0.55,6.14,0.014,3.83,5.03,1.9,5.17,,0.46,0.6,0.63,1.97,1.82,0.22,9.5,9.32,3.65,0.096,11.24,6.02,6.37,0.6,0.039,4.9,0.8,5.51,4.65,4.19,9.07,11.97,1.08,9.03,11.81,9.63,11.59,9.25,11.1,12.87,6.37,3.63,5.5,0.054,0.34,,6.6,3.65,1.49,11.06,11.19,1.13,,7.17,11.92,1.97,,4.52,6.53,10.15,0.79,0.65,6.19,4.24,0.35,1.84,1.89,5.75,1.25,2.63,0.65,1.39,11.3,6.82,2.68,11.38,5.74,8.55,6.26,1.76,0.89,7.98,1.19,0.038,2.41,2.17,2005
0.026,5.17,0.38,11.89,4.02,7.7,7.8,3.99,10.31,12.58,0.85,9.82,1.94,0.003,8.12,12.61,10.94,6.28,1.29,0.28,3.13,4.72,7.14,6.93,0.63,10.18,5.67,4.99,4.36,1.18,5.1,8.2,1.7,0.49,7.33,3.28,4.43,0.24,2.68,,4.19,10.98,4.17,11.48,13.58,0.81,3.27,0.44,11.02,1.03,9.06,5.84,3.88,0.17,2.67,8.7,1.29,17.87,6.26,0.29,2.07,10.15,13.05,7.77,3.25,5.69,11.76,0.65,8.68,9.26,2.36,0.15,3.48,5.68,3.51,3.03,13.25,7.2,1.35,0.062,0.017,0.035,13.12,2.3,8.44,3.35,7.48,0.55,6.76,0.86,0.69,0.015,6.78,3.71,10.4,1.65,2.77,4.06,0.011,13.34,12.5,0.59,1.94,0.45,1.41,0.55,8.25,0.011,3.72,5.2,1.73,4.59,10.38,0.48,0.59,0.67,1.87,2.01,0.19,9.58,9.36,3.64,0.1,11.18,6.75,6.47,0.54,0.034,5.07,0.61,5.92,4.48,4.05,9.74,11.81,1.13,8.83,7.94,9.89,11.83,8.79,11.81,13.02,6.22,3.52,5.68,0.08,0.37,8.82,6.43,3.68,1.55,10.89,12.26,1.01,0.0001,7.3,11.86,1.96,,4.57,6.81,10.24,0.75,0.56,6.1,3.79,0.039,2.01,1.79,6.05,1.32,2.54,1.25,1.39,10.97,7.42,2.46,10.93,6.09,8.63,6.45,1.81,1.0,8.37,1.35,0.038,2.73,2.35,2006
0.018,5.46,0.34,11.53,4.68,8.11,8.16,3.91,10.56,12.54,0.95,9.92,1.83,0.004,8.07,13.91,13.43,6.99,1.23,0.15,3.38,5.03,6.87,6.91,0.83,10.66,5.55,5.03,5.4,1.29,5.22,8.3,1.69,0.58,7.39,3.89,4.54,0.15,2.91,,4.25,11.36,4.12,11.58,13.83,0.91,3.12,0.87,10.99,0.45,8.89,5.92,3.99,0.19,2.73,8.31,1.75,17.47,6.34,0.31,2.1,10.45,12.95,8.65,3.19,6.89,11.51,0.67,8.89,9.14,2.36,0.19,3.22,5.73,3.44,2.94,12.54,7.53,1.57,0.061,0.023,0.15,13.17,2.46,8.37,3.31,7.28,0.56,3.99,1.2,0.55,0.029,6.98,5.03,12.12,1.59,2.85,4.05,0.007,13.79,12.27,0.64,1.93,0.46,1.51,0.56,7.47,0.022,3.23,4.24,1.63,9.12,9.68,0.48,0.69,0.75,1.9,2.04,0.2,9.45,9.2,3.77,0.096,11.04,4.68,6.6,0.52,0.034,5.46,0.67,6.03,4.51,4.14,10.39,11.54,1.16,9.05,7.81,11.06,12.24,7.84,10.97,12.59,6.2,3.85,4.32,0.092,0.34,9.42,7.25,3.67,1.59,10.96,11.02,0.82,0.0003,7.5,11.05,2.29,,4.69,6.98,10.44,0.74,0.54,6.12,3.84,0.046,1.52,2.05,6.03,1.17,2.23,0.58,1.37,10.77,8.12,2.28,11.06,6.89,8.74,6.51,1.75,1.01,8.89,1.51,0.05,3.17,2.26,2007
0.028,5.56,0.37,10.96,5.19,8.41,8.42,3.96,10.76,12.03,1.12,9.65,1.99,0.003,8.63,14.58,10.51,6.95,1.38,0.16,3.51,5.03,7.52,6.83,0.65,10.73,5.47,4.8,4.25,1.35,5.5,8.4,1.73,0.64,7.31,4.27,4.35,0.12,3.23,,4.29,11.36,4.25,12.03,13.65,0.97,3.15,1.13,10.7,0.49,9.48,5.91,4.12,0.21,2.59,7.71,0.66,16.61,5.64,0.32,1.96,10.26,12.53,8.31,2.98,7.27,11.37,1.26,8.73,9.04,2.1,0.21,3.01,5.83,3.49,2.85,11.75,7.19,1.92,0.071,0.026,0.17,12.18,2.59,7.96,3.35,7.06,0.58,3.42,1.32,0.46,0.032,7.29,5.15,11.84,1.57,2.91,3.9,0.011,13.79,11.99,0.61,1.9,0.5,1.52,0.58,6.87,0.018,2.47,4.27,1.97,8.92,10.89,0.5,0.74,0.79,1.01,2.33,0.2,9.51,9.48,3.59,0.11,10.79,9.38,6.75,0.51,0.036,6.0,0.77,6.89,4.95,4.15,10.8,11.47,1.15,9.31,7.72,12.38,12.09,7.51,10.53,12.05,7.17,3.97,4.56,0.082,0.36,9.59,6.68,3.83,1.69,11.87,10.94,1.07,0.0,7.46,10.24,2.1,,4.82,7.02,10.29,0.75,0.56,7.54,4.02,0.062,1.44,1.1,5.99,1.28,2.12,1.04,1.51,11.37,9.41,1.86,10.66,4.96,8.74,6.54,1.72,1.17,8.41,1.78,0.038,2.66,2.82,2008
0.01,5.79,0.43,10.86,6.12,7.64,8.34,3.97,10.62,11.87,1.92,8.75,1.95,0.003,8.24,13.98,10.1,6.44,1.26,0.15,3.64,4.69,5.36,6.95,0.24,10.53,5.52,4.49,4.2,1.42,5.72,8.4,1.66,0.67,7.67,4.88,4.24,0.18,3.45,,4.14,11.11,3.97,10.81,13.43,0.99,3.34,1.01,10.08,0.47,8.63,5.63,4.2,0.19,2.48,7.2,0.85,14.66,5.65,0.32,2.32,9.96,12.66,8.12,3.05,6.26,11.23,1.26,8.32,8.55,2.03,0.19,2.89,5.87,3.53,2.76,11.52,7.24,2.46,0.074,0.027,0.2,10.93,2.67,7.25,3.24,6.98,0.56,3.16,1.17,0.54,0.1,5.98,5.25,9.85,1.53,2.92,3.76,0.014,12.97,11.98,0.83,1.73,0.5,1.41,0.57,7.1,0.004,2.8,4.37,2.05,6.56,10.17,0.53,0.69,0.88,1.35,1.84,0.22,9.12,9.24,3.32,0.1,10.58,6.59,6.68,0.5,0.035,6.14,0.78,6.06,5.04,4.34,10.17,11.5,1.09,8.97,6.24,11.01,11.25,7.3,9.92,11.06,6.98,2.88,4.34,0.088,0.31,9.78,5.2,3.98,1.73,11.13,10.52,1.2,0.0,7.25,9.99,2.05,,4.93,7.31,10.15,0.76,0.66,6.74,3.67,0.085,1.16,1.08,5.93,1.36,2.0,1.27,1.52,11.1,8.97,1.76,9.98,6.26,8.67,6.45,1.7,0.83,7.75,1.97,0.028,3.05,2.77,2009
0.02,4.88,0.35,10.53,7.58,7.16,8.15,4.23,10.52,12.1,0.99,9.21,1.96,,8.66,14.43,10.27,6.47,1.35,0.23,3.37,4.57,5.7,7.16,0.25,9.82,5.44,4.61,4.93,2.16,5.88,8.4,1.96,0.55,7.55,5.75,4.22,0.13,4.02,11.24,3.74,10.71,4.28,11.33,12.68,1.12,3.11,0.64,10.27,0.48,9.79,5.54,3.97,0.21,2.3,8.96,1.13,14.97,6.49,0.4,2.42,9.72,12.3,8.36,2.82,7.72,11.58,1.6,8.33,7.71,2.03,0.2,3.06,5.56,2.28,2.69,10.7,6.79,2.73,0.08,0.03,0.16,11.57,2.78,6.95,2.94,8.28,0.46,3.94,1.52,0.49,,6.02,6.1,9.83,1.37,2.75,3.65,,13.22,11.84,0.96,1.69,0.52,1.58,0.6,6.99,,3.15,4.05,1.75,7.73,9.94,0.47,0.79,0.97,1.4,4.44,0.23,9.34,9.62,3.33,0.11,5.22,4.59,6.59,0.51,0.04,6.1,0.73,6.27,5.23,4.73,10.07,11.26,1.07,8.9,6.92,10.01,10.82,7.13,8.51,10.33,7.19,2.96,5.0,,0.18,8.87,5.54,3.48,1.84,10.16,10.33,1.09,,7.07,8.94,2.31,,5.27,7.38,10.01,0.77,0.68,6.19,3.53,0.1,1.26,1.24,5.79,1.26,2.9,0.97,1.42,8.55,7.77,1.69,10.01,6.95,8.56,5.99,1.74,1.36,7.4,2.26,0.06,2.79,3.38,2010
0.01,5.03,0.4,10.46,7.66,7.24,7.69,4.07,10.3,11.9,0.6,9.23,1.66,,8.69,14.5,10.14,6.34,1.47,0.25,3.3,4.71,6.24,7.13,0.91,9.88,5.32,4.56,5.09,2.4,5.9,8.2,1.97,0.6,7.02,5.36,4.3,0.11,4.19,8.06,3.21,11.01,4.32,10.71,12.56,1.14,3.38,0.71,10.45,0.39,9.65,5.47,3.99,0.19,2.31,9.38,1.19,16.27,6.89,0.45,2.31,9.81,12.35,8.01,2.7,8.29,11.33,1.67,7.48,7.68,2.05,0.24,3.19,5.64,2.36,2.71,11.37,6.84,2.95,0.08,0.03,0.18,11.49,2.81,6.98,2.99,8.41,0.38,3.41,1.47,0.54,,5.95,6.3,10.11,1.3,2.38,3.73,0.01,14.76,11.74,0.89,1.88,0.54,1.69,0.62,6.89,,3.36,4.0,1.87,6.65,9.02,0.46,0.89,1.09,1.59,4.25,0.25,8.95,9.45,3.34,0.13,4.99,6.81,6.44,0.5,0.04,6.16,0.81,6.14,5.22,4.85,10.24,10.86,1.05,8.86,8.21,9.58,10.75,6.66,8.51,9.94,7.04,2.1,6.31,,0.21,8.55,7.83,3.41,1.89,10.27,10.61,1.03,,7.17,8.74,3.03,,5.69,7.31,9.99,0.6,0.71,6.61,3.52,0.44,1.12,0.93,5.79,1.25,2.88,1.31,1.47,8.79,8.74,1.75,9.8,7.09,8.66,6.02,1.73,1.82,6.88,2.46,0.04,2.79,3.91,2011
0.01,4.43,0.43,10.33,7.83,8.22,8.0,3.89,10.03,12.1,0.52,9.37,1.72,,8.9,13.56,10.09,6.35,1.41,0.32,3.24,4.83,5.46,7.12,0.96,10.88,5.57,4.33,4.93,2.52,6.42,8.3,1.96,0.63,8.35,5.52,4.37,0.11,4.4,14.74,3.17,10.58,4.33,10.58,12.83,1.2,3.6,0.73,9.23,0.41,9.61,5.49,3.92,0.19,2.41,9.79,1.03,16.96,6.49,0.54,2.43,9.27,12.22,7.47,2.74,7.23,11.32,1.72,7.62,7.77,1.91,0.24,3.0,5.72,2.43,2.71,11.13,6.82,3.04,0.08,0.02,0.17,11.38,2.89,7.48,3.02,8.5,0.36,3.73,1.49,0.38,,5.98,6.33,10.2,1.24,2.47,3.75,0.01,14.97,11.67,0.85,1.87,0.55,1.23,0.61,7.18,,3.17,3.86,2.89,7.53,9.37,0.46,0.97,1.24,2.37,3.5,0.26,9.0,9.17,3.6,0.15,4.73,9.0,6.21,0.49,0.03,6.21,0.94,5.8,5.35,4.96,10.21,9.76,1.03,8.98,8.3,9.66,10.56,6.43,8.43,9.62,6.81,2.1,5.65,,0.19,8.78,8.89,3.19,1.94,10.14,10.95,0.97,,7.22,8.6,2.89,,5.79,7.23,9.87,0.21,0.77,7.1,3.54,0.48,1.13,0.22,5.89,1.35,3.0,1.86,1.47,8.79,8.54,1.78,9.53,6.22,8.85,6.55,1.95,1.84,6.8,2.57,0.04,2.78,3.93,2012
0.01,4.28,0.5,10.06,7.67,9.43,8.27,3.92,10.0,12.1,0.52,9.23,1.65,,9.05,12.58,10.33,6.6,1.43,0.31,3.21,4.69,5.07,6.86,0.69,10.32,5.49,3.98,3.73,2.8,6.56,8.2,1.7,0.65,7.23,5.62,4.32,0.23,4.43,12.97,3.02,10.39,4.35,9.07,12.54,1.22,3.34,0.84,9.44,0.36,9.69,5.41,3.78,0.19,2.35,8.95,1.03,17.75,7.36,0.57,2.53,9.08,11.73,7.57,2.65,6.76,11.08,1.78,7.55,7.81,1.83,0.25,2.95,5.72,2.85,2.7,10.73,6.8,3.03,0.09,0.01,0.16,10.51,2.9,7.35,3.16,8.65,0.35,3.8,1.53,0.73,,6.03,6.25,10.43,1.18,2.55,3.74,0.01,14.92,11.25,0.85,2.02,0.55,1.16,0.58,7.32,,3.17,3.81,1.6,12.58,9.62,0.46,1.0,1.31,2.45,2.44,0.28,8.59,9.12,3.55,0.09,4.45,8.01,6.21,0.44,0.03,6.21,0.81,5.62,5.27,4.61,10.8,9.52,1.03,8.77,8.48,9.65,9.77,6.15,8.39,8.93,6.96,1.84,5.4,,0.19,7.94,8.32,3.12,1.86,9.9,9.53,0.94,,7.21,8.55,2.65,,5.84,7.32,9.74,0.15,0.8,6.89,3.61,0.48,1.21,0.22,5.85,1.4,3.18,1.56,1.33,8.12,8.73,1.86,9.42,6.71,8.81,6.42,1.95,1.61,6.84,2.68,0.04,2.98,4.11,2013
0.01,4.1,0.54,9.88,8.1,9.66,7.93,4.22,9.9,12.4,0.36,9.22,1.57,0.01,9.27,11.29,10.57,6.73,1.53,0.21,3.17,4.69,6.04,6.91,0.67,10.3,6.93,3.95,4.31,3.07,4.7,8.1,1.88,0.68,7.92,5.65,4.22,0.13,4.52,12.97,3.12,9.5,4.54,9.63,12.75,1.35,3.89,0.8,9.55,0.32,7.03,5.23,3.81,0.19,2.45,8.64,1.03,17.29,7.28,0.65,2.67,8.76,12.07,8.21,2.68,6.49,11.07,1.83,7.06,7.88,1.69,0.32,3.07,5.84,2.69,2.42,10.92,7.01,3.0,0.09,0.01,0.15,10.88,2.71,7.56,3.2,8.4,0.35,3.64,1.45,0.33,,6.18,6.74,10.6,1.18,2.75,3.02,0.01,14.9,11.42,0.87,2.01,0.54,1.3,0.61,7.14,,3.06,3.94,1.51,9.88,8.55,0.41,1.08,1.36,2.59,2.44,0.24,8.38,8.98,3.54,0.12,4.45,7.81,6.06,0.42,0.04,6.3,1.35,5.39,5.51,4.61,10.45,10.2,1.01,8.03,7.4,9.48,8.86,6.5,8.49,9.18,7.12,2.05,5.63,,0.19,7.19,8.44,3.04,1.84,10.26,10.92,0.95,,7.21,7.85,2.45,,5.39,7.2,9.62,0.19,0.83,6.91,3.56,0.41,1.25,0.28,5.9,1.48,3.24,1.82,1.39,7.25,7.58,2.0,9.45,7.43,8.78,6.15,2.5,1.39,6.6,2.78,0.03,4.22,4.22,2014
,4.33,0.55,11.02,6.53,9.06,8.49,4.04,9.68,11.6,0.51,9.27,1.53,0.01,9.68,9.79,10.36,6.71,1.53,0.04,3.15,4.9,6.14,6.63,0.67,10.89,7.03,3.99,4.54,3.34,4.55,8.0,0.9,0.66,7.89,5.66,4.16,0.14,4.47,12.97,3.19,9.64,4.65,9.59,12.76,1.54,3.97,0.6,9.42,0.32,7.16,5.39,3.69,0.18,2.54,8.11,1.03,16.72,7.49,0.76,2.63,8.52,11.87,8.06,2.69,6.95,11.06,1.75,6.68,8.2,1.65,0.38,3.13,5.48,2.78,2.49,10.95,7.66,3.0,0.08,0.01,0.16,10.81,2.74,7.14,3.27,8.55,0.3,3.33,1.65,0.35,,5.37,7.09,10.8,1.15,3.07,3.18,0.01,14.2,11.37,0.86,2.04,0.55,1.26,0.62,7.37,,2.83,4.24,1.59,8.35,8.49,0.39,1.22,1.47,2.63,2.44,0.24,8.3,8.68,3.72,0.12,4.51,8.21,5.97,0.45,0.04,6.84,1.36,5.21,5.68,4.52,10.47,10.34,1.03,8.27,6.76,9.45,8.06,6.31,8.37,9.23,7.41,2.1,5.0,,0.19,7.2,8.7,3.06,1.82,10.27,11.49,1.01,,7.2,10.35,2.72,,4.75,7.13,9.62,0.23,0.92,6.95,3.57,0.41,1.36,0.23,5.97,1.5,3.36,1.42,1.32,7.44,6.04,2.12,9.59,7.86,8.78,6.0,2.59,1.42,6.21,2.98,0.03,3.5,3.84,2015
0.01,4.38,0.58,11.18,6.09,9.75,8.38,3.83,9.79,11.7,0.39,9.3,1.39,,10.22,9.74,9.42,6.5,1.44,0.02,3.12,5.04,6.14,6.37,0.67,11.13,7.09,3.93,4.89,3.85,4.15,8.2,0.9,0.64,7.73,5.63,4.46,0.15,5.7,12.97,3.36,10.0,4.58,9.59,12.92,1.5,3.8,0.61,9.51,0.32,7.0,5.46,3.14,0.15,2.64,7.31,0.97,15.61,7.64,0.94,2.64,8.44,11.74,7.4,2.58,6.85,10.96,1.63,6.68,8.3,1.6,0.36,3.2,5.34,2.95,2.53,11.28,7.49,2.96,0.09,0.02,0.16,11.3,2.72,7.1,3.29,8.59,0.3,3.58,1.68,0.44,,5.32,7.61,11.3,1.18,2.95,2.81,0.01,13.47,11.25,0.88,2.04,0.61,1.23,0.61,7.59,,3.51,4.25,1.59,6.85,9.13,0.4,1.38,1.61,2.67,2.44,0.33,8.29,9.02,3.8,0.12,4.43,8.61,6.03,0.45,0.04,6.61,1.34,5.34,5.64,4.53,10.43,10.37,1.01,7.94,7.22,9.57,7.73,6.27,8.56,9.43,7.78,2.29,4.74,,0.23,7.31,8.93,3.03,1.84,9.91,10.51,1.29,,7.26,10.81,2.65,,5.69,7.15,9.28,0.18,0.88,7.12,3.63,0.44,1.29,0.32,5.72,1.54,3.32,0.98,1.22,6.94,5.72,2.16,9.69,7.93,8.89,5.53,2.4,1.51,4.13,3.15,0.02,3.52,3.76,2016
0.01,4.39,0.58,11.18,6.16,10.78,8.29,3.83,9.49,11.6,0.44,9.32,1.24,,10.03,9.76,9.3,6.09,1.35,0.07,3.05,5.25,5.77,6.25,0.69,10.93,7.23,4.18,5.06,4.26,4.15,8.1,0.9,0.58,7.77,5.25,4.2,0.18,5.8,12.97,3.21,9.7,4.69,9.59,12.73,1.59,3.61,0.58,9.3,0.28,6.75,5.51,2.89,0.13,2.81,5.99,0.96,13.08,7.65,1.03,2.64,8.37,11.69,7.04,2.61,6.88,10.86,1.68,6.67,8.36,1.61,0.34,3.33,5.18,3.13,2.67,10.79,7.75,2.85,0.08,0.03,0.17,11.13,2.91,7.37,3.45,8.74,0.28,3.68,1.73,0.43,,4.87,8.07,12.6,1.19,2.93,2.83,0.01,12.14,11.18,0.89,2.06,0.65,1.29,0.61,7.91,,3.35,4.25,1.59,6.19,9.56,0.43,1.44,1.77,2.62,2.44,0.35,8.31,9.06,3.87,0.11,4.41,8.5,6.0,0.47,0.04,6.79,1.37,5.49,5.79,4.75,10.53,10.37,1.0,7.31,7.44,10.14,7.15,6.33,8.71,9.67,7.81,2.06,4.33,,0.23,7.4,8.88,3.2,1.8,9.69,10.12,1.23,,7.34,10.85,2.58,,5.86,7.04,9.16,0.12,0.89,7.33,3.77,0.42,1.37,0.32,5.58,1.54,3.17,0.93,1.29,6.99,5.13,2.16,9.88,7.8,8.89,5.76,2.79,1.63,3.35,3.26,0.02,3.61,3.82,2017
0.01,4.44,0.59,10.72,6.15,11.28,7.95,3.69,9.51,11.6,0.88,9.3,1.2,,9.99,10.08,9.22,5.95,1.26,0.07,3.0,5.44,5.89,6.19,0.69,11.53,7.25,4.07,4.9,4.56,4.1,8.1,0.94,0.55,7.8,4.77,4.21,0.18,5.64,12.97,3.28,9.63,4.76,9.59,12.73,1.73,3.61,0.55,9.32,0.25,6.32,5.58,3.03,0.14,2.93,6.03,0.93,10.81,7.68,1.13,2.7,8.37,11.24,6.67,2.67,7.25,10.88,1.62,6.45,8.68,1.63,0.33,3.31,5.13,3.12,2.84,10.79,7.72,3.04,0.08,0.03,0.17,11.15,3.04,7.81,3.53,8.81,0.26,4.16,1.7,0.43,,4.42,8.16,13.2,1.21,3.4,2.97,0.01,11.77,10.98,0.89,2.04,0.66,1.44,0.61,7.95,,3.44,4.25,1.59,5.73,9.87,0.47,1.46,1.85,2.54,2.44,0.36,8.33,9.12,3.77,0.11,4.45,8.5,6.02,0.48,0.05,6.56,1.26,5.54,5.74,4.91,10.62,10.37,0.99,7.74,7.45,10.96,7.28,6.35,8.72,9.3,7.51,2.18,4.33,,0.25,7.62,9.36,3.22,1.85,10.05,9.99,1.18,,7.19,10.39,2.58,,5.97,7.2,9.17,0.16,0.86,5.99,3.89,0.42,1.4,0.31,5.69,1.49,2.95,0.93,1.18,6.98,5.44,2.12,10.01,7.78,8.93,6.21,2.44,1.63,2.64,3.44,0.02,3.7,3.1,2018
0.01,4.4,0.59,10.99,5.84,11.88,7.95,3.77,9.51,11.9,1.38,9.48,1.18,,9.94,10.57,9.15,5.93,1.25,0.07,2.98,5.46,5.98,6.12,0.69,11.18,7.28,4.07,4.7,4.56,4.09,8.0,0.94,0.55,7.8,4.48,4.09,0.18,5.74,12.97,3.07,9.64,4.7,9.59,12.73,1.7,3.61,0.56,9.16,0.21,6.32,5.56,3.05,0.14,2.94,6.11,0.93,11.65,7.68,1.16,2.71,8.23,11.44,6.47,2.67,7.45,10.56,1.59,6.33,8.62,1.63,0.33,3.21,5.11,2.85,2.73,10.79,7.72,3.09,0.08,0.02,0.16,10.91,3.07,7.65,3.46,8.36,0.25,3.73,1.68,0.43,,4.02,8.15,12.9,1.14,3.56,3.12,0.01,11.93,11.0,0.89,2.04,0.64,1.38,0.6,8.07,,3.39,4.25,1.59,5.46,9.91,0.51,1.46,2.06,2.38,2.44,0.36,8.23,9.17,3.69,0.11,4.49,8.5,6.05,0.47,0.04,6.54,1.26,5.47,5.74,4.85,10.96,10.37,0.96,7.74,7.45,10.96,7.29,6.35,8.84,9.3,7.48,2.18,4.23,,0.25,7.45,9.48,3.22,1.81,10.3,11.05,1.19,,7.21,10.73,2.58,,6.6,7.1,9.41,0.13,0.85,6.86,3.9,0.41,1.4,0.31,5.81,1.51,2.88,0.93,1.18,6.82,5.69,2.03,9.8,7.81,8.93,5.42,2.45,1.6,2.51,3.41,0.02,3.82,3.11,2019
